"","X","Y","pred"
"1",-117.3262,32.5163,0.0125407864954965
"2",-116.9096,32.5163,0.0202150956178819
"3",-116.4929,32.5163,0.00872334567632306
"4",-116.0762,32.5163,0.0140069088840167
"5",-115.6596,32.5163,0.0108311941911174
"6",-115.2429,32.5163,0.0141956242489054
"7",-114.8262,32.5163,0.00581713787893166
"8",-116.9096,32.0996,0.0139052151905873
"9",-116.4929,32.0996,0.0359832464057519
"10",-116.0762,32.0996,0.0159719875145885
"11",-115.2429,32.0996,0.0128871119581248
"12",-114.8262,32.0996,0.0124703139723645
"13",-112.7429,32.0996,0.0143445597367575
"14",-116.9096,31.6829,0.0185002638804458
"15",-116.4929,31.6829,0.0185943934193409
"16",-116.0762,31.6829,0.0167824124936897
"17",-115.6596,31.6829,0.0147382623661552
"18",-115.2429,31.6829,0.0140105962233657
"19",-114.4096,31.6829,0.012594510729778
"20",-113.5762,31.6829,0.0116816349994854
"21",-112.7429,31.6829,0.0137585170775534
"22",-112.3262,31.6829,0.0145088233859271
"23",-111.4929,31.6829,0.0121465496596035
"24",-108.1596,31.6829,0.0135205650423303
"25",-107.7429,31.6829,0.00591824405551785
"26",-106.4929,31.6829,0.00327230177481292
"27",-106.0762,31.6829,0.0109292364778004
"28",-116.4929,31.2663,0.00915013395934846
"29",-116.0762,31.2663,0.0143768952886265
"30",-115.6596,31.2663,0.0151115982338108
"31",-114.8262,31.2663,0.0168632971208247
"32",-113.5762,31.2663,0.00127031106093714
"33",-112.7429,31.2663,0.0139674230220419
"34",-112.3262,31.2663,0.0146056067505794
"35",-111.4929,31.2663,0.0126464662378625
"36",-111.0762,31.2663,0.0300787480491202
"37",-110.6596,31.2663,0.0135108406383494
"38",-110.2429,31.2663,0.0100491861296044
"39",-109.8262,31.2663,0.00550665417207227
"40",-109.4096,31.2663,0.0282283169893397
"41",-108.5762,31.2663,0.016024303007843
"42",-108.1596,31.2663,0.0150516220372821
"43",-107.7429,31.2663,0.0144007039874965
"44",-106.4929,31.2663,0.0140309478913341
"45",-106.0762,31.2663,0.0139996620119121
"46",-105.6596,31.2663,0.0148035489023239
"47",-116.0762,30.8496,0.025174683947405
"48",-114.8262,30.8496,0.0197376094764353
"49",-113.1596,30.8496,0.0135564146101316
"50",-112.7429,30.8496,0.0146334309977961
"51",-112.3262,30.8496,0.0165538915922637
"52",-111.9096,30.8496,0.0151060853584101
"53",-111.4929,30.8496,0.0153244408560945
"54",-111.0762,30.8496,0.0120445291638932
"55",-110.6596,30.8496,0.010557013379934
"56",-110.2429,30.8496,0.0139807479937702
"57",-109.8262,30.8496,0.0167887336733308
"58",-109.4096,30.8496,0.0218208862792159
"59",-108.5762,30.8496,0.0162762850347962
"60",-108.1596,30.8496,0.016076717025606
"61",-107.7429,30.8496,0.0160007833725624
"62",-107.3262,30.8496,0.0158888201114745
"63",-116.0762,30.4329,0.0154302302729605
"64",-115.6596,30.4329,0.0166891009665544
"65",-115.2429,30.4329,0.0158442651283594
"66",-114.8262,30.4329,0.0157229476620178
"67",-113.1596,30.4329,0.0146971848620886
"68",-112.7429,30.4329,0.0150626213911685
"69",-112.3262,30.4329,0.0159418654353932
"70",-111.9096,30.4329,0.0156841368224448
"71",-111.4929,30.4329,0.0177960928072243
"72",-111.0762,30.4329,0.0169769191246426
"73",-110.6596,30.4329,0.0151443969596988
"74",-110.2429,30.4329,0.0159512376745537
"75",-109.8262,30.4329,0.0167887026379594
"76",-109.4096,30.4329,0.0175490469593206
"77",-108.9929,30.4329,0.0166211185324965
"78",-108.5762,30.4329,0.016343851725991
"79",-108.1596,30.4329,0.0178491850675628
"80",-107.7429,30.4329,0.0188346626376974
"81",-107.3262,30.4329,0.0160848846213594
"82",-106.9096,30.4329,0.0157940528082429
"83",-106.4929,30.4329,0.0156555545477472
"84",-115.6596,30.0163,0.0118866549944377
"85",-115.2429,30.0163,0.0155659041838125
"86",-114.8262,30.0163,0.0154754244359043
"87",-112.7429,30.0163,0.0151038955166927
"88",-111.9096,30.0163,0.0153028813638082
"89",-111.4929,30.0163,0.0155437203956203
"90",-111.0762,30.0163,0.0157189159755416
"91",-110.6596,30.0163,0.0160532395337388
"92",-110.2429,30.0163,0.0191908104392344
"93",-109.8262,30.0163,0.00905316700279158
"94",-109.4096,30.0163,0.0177519070663545
"95",-108.9929,30.0163,0.0163865063960918
"96",-108.5762,30.0163,0.016099110468694
"97",-108.1596,30.0163,0.0164776545171488
"98",-107.7429,30.0163,0.0169700250774429
"99",-107.3262,30.0163,0.0161941520495075
"100",-106.9096,30.0163,0.0156564639364239
"101",-106.4929,30.0163,0.0154723672804946
"102",-106.0762,30.0163,0.0154315478748625
"103",-104.8262,30.0163,0.014891575387071
"104",-115.2429,29.5996,0.0155167513240075
"105",-114.8262,29.5996,0.0154532760179592
"106",-112.3262,29.5996,0.0149683146359155
"107",-111.0762,29.5996,0.014498494875567
"108",-110.6596,29.5996,0.0134110252958503
"109",-110.2429,29.5996,0.0165412208719343
"110",-109.8262,29.5996,0.0211305826936109
"111",-109.4096,29.5996,0.0185206254595637
"112",-108.9929,29.5996,0.0159930652357074
"113",-108.5762,29.5996,0.0155674224178035
"114",-108.1596,29.5996,0.0152766989499022
"115",-107.7429,29.5996,0.0233435785425207
"116",-107.3262,29.5996,0.0164004026526244
"117",-106.9096,29.5996,0.0152417344744761
"118",-106.4929,29.5996,0.0150138648540651
"119",-106.0762,29.5996,0.0150266786210019
"120",-105.2429,29.5996,0.0151147321501592
"121",-104.8262,29.5996,0.0134929110482322
"122",-104.4096,29.5996,0.000133931663794344
"123",-103.9929,29.5996,0.0137007358484761
"124",-114.4096,29.1829,0.015404705528744
"125",-113.9929,29.1829,0.0153188464124578
"126",-112.3262,29.1829,0.014632364971857
"127",-111.9096,29.1829,0.0142813416644837
"128",-111.4929,29.1829,0.0142897347290516
"129",-111.0762,29.1829,0.0107261536690709
"130",-110.6596,29.1829,0.0140328191222339
"131",-110.2429,29.1829,0.0125132803804749
"132",-109.8262,29.1829,0.0148328016227779
"133",-109.4096,29.1829,0.015088874504195
"134",-108.9929,29.1829,0.0150348525017903
"135",-108.5762,29.1829,0.0150963289583889
"136",-108.1596,29.1829,0.0098123527766633
"137",-107.7429,29.1829,0.0152181899275476
"138",-107.3262,29.1829,0.0149750972146485
"139",-106.9096,29.1829,0.0140726143594536
"140",-106.4929,29.1829,0.0141052169845286
"141",-106.0762,29.1829,0.0143380928718878
"142",-105.2429,29.1829,0.0151603353905922
"143",-104.8262,29.1829,0.0148627473499965
"144",-104.4096,29.1829,0.0138380581014008
"145",-103.9929,29.1829,0.0151486772408764
"146",-103.5762,29.1829,0.0160804112341105
"147",-103.1596,29.1829,0.0164081529703475
"148",-102.7429,29.1829,0.0164351641792985
"149",-101.4929,29.1829,0.0151921729492283
"150",-101.0762,29.1829,0.0147309189560842
"151",-100.6596,29.1829,0.0141942713343107
"152",-113.9929,28.7663,0.0154844967066584
"153",-113.5762,28.7663,0.0149515276242952
"154",-111.9096,28.7663,0.0109196329633768
"155",-111.4929,28.7663,0.0123744745240166
"156",-111.0762,28.7663,0.0139251968006803
"157",-110.6596,28.7663,0.0138098445825946
"158",-110.2429,28.7663,0.0133816971255211
"159",-109.8262,28.7663,0.0136400959928784
"160",-109.4096,28.7663,0.0135653072445274
"161",-108.9929,28.7663,0.0136081974497636
"162",-108.5762,28.7663,0.0147766593744432
"163",-108.1596,28.7663,0.0148831331618773
"164",-107.7429,28.7663,0.014802096260724
"165",-107.3262,28.7663,0.0142129570686148
"166",-106.9096,28.7663,0.0109914812370094
"167",-106.4929,28.7663,0.0129877368797762
"168",-106.0762,28.7663,0.00726158172046078
"169",-105.6596,28.7663,0.0144312347137262
"170",-105.2429,28.7663,0.0155052120674197
"171",-104.8262,28.7663,0.0158890180414724
"172",-104.4096,28.7663,0.0159815959249559
"173",-103.9929,28.7663,0.0161930856138998
"174",-103.5762,28.7663,0.0164570861661942
"175",-103.1596,28.7663,0.0166345684698101
"176",-102.7429,28.7663,0.0166928792046392
"177",-101.0762,28.7663,0.0144178953995719
"178",-100.6596,28.7663,0.0111829559208036
"179",-100.2429,28.7663,0.0139375209951517
"180",-113.9929,28.3496,0.0162370308552417
"181",-111.4929,28.3496,0.0092383654164313
"182",-111.0762,28.3496,0.00817769860395062
"183",-110.6596,28.3496,0.0103256359387024
"184",-110.2429,28.3496,0.0124026531723224
"185",-109.8262,28.3496,0.0129713240937436
"186",-109.4096,28.3496,0.010447627486191
"187",-108.9929,28.3496,0.0140446091495932
"188",-108.5762,28.3496,0.0144990226816528
"189",-108.1596,28.3496,0.0146403329446136
"190",-107.7429,28.3496,0.0145408610367203
"191",-107.3262,28.3496,0.0139762088278239
"192",-106.9096,28.3496,0.00684322029487951
"193",-106.4929,28.3496,0.0138044614909939
"194",-106.0762,28.3496,0.0140871112994906
"195",-105.6596,28.3496,0.0166668173448854
"196",-105.2429,28.3496,0.0169285250958931
"197",-104.4096,28.3496,0.01660002755438
"198",-103.5762,28.3496,0.0167113579439545
"199",-103.1596,28.3496,0.0168342308659642
"200",-102.7429,28.3496,0.0168930632630381
"201",-102.3262,28.3496,0.0168329606472427
"202",-101.0762,28.3496,0.0146003626226544
"203",-100.6596,28.3496,0.0123805525734184
"204",-100.2429,28.3496,0.014095632064913
"205",-115.2429,27.9329,0.00772339173804198
"206",-113.9929,27.9329,0.00801827828476468
"207",-113.5762,27.9329,0.0164227104106358
"208",-113.1596,27.9329,0.0158967523502311
"209",-111.0762,27.9329,0.000259191641259253
"210",-110.6596,27.9329,0.0132063611409756
"211",-110.2429,27.9329,0.0116169652959539
"212",-109.8262,27.9329,0.0122708752920742
"213",-109.4096,27.9329,0.0131183934370356
"214",-108.9929,27.9329,0.0136948651442925
"215",-108.5762,27.9329,0.0141472395869597
"216",-108.1596,27.9329,0.0142509430010971
"217",-107.7429,27.9329,0.013276804319046
"218",-107.3262,27.9329,0.0140785833464378
"219",-106.9096,27.9329,0.0145210060937336
"220",-106.4929,27.9329,0.0152660958846546
"221",-106.0762,27.9329,0.0209651650025174
"222",-105.6596,27.9329,0.0337288784712059
"223",-105.2429,27.9329,0.020268184328803
"224",-103.9929,27.9329,0.016797800530841
"225",-103.5762,27.9329,0.0168576786228147
"226",-102.3262,27.9329,0.017081926550195
"227",-101.9096,27.9329,0.0168805320944206
"228",-101.4929,27.9329,0.0155602104159356
"229",-101.0762,27.9329,0.0146517347958755
"230",-100.6596,27.9329,0.0160450131708445
"231",-100.2429,27.9329,0.0162269333401081
"232",-99.8262,27.9329,0.0158344456488676
"233",-114.8262,27.5163,0.0144645637746327
"234",-113.9929,27.5163,0.0160739399457717
"235",-113.5762,27.5163,0.015149606330175
"236",-113.1596,27.5163,0.0173347976828544
"237",-112.7429,27.5163,0.0204053053249617
"238",-112.3262,27.5163,0.0150978116733717
"239",-110.6596,27.5163,0.0107910083560831
"240",-110.2429,27.5163,0.0121909420014303
"241",-109.8262,27.5163,0.0080324091429104
"242",-109.4096,27.5163,0.011972428051567
"243",-108.9929,27.5163,0.0128293191823615
"244",-108.5762,27.5163,0.0136881379543225
"245",-108.1596,27.5163,0.0139520292260915
"246",-107.7429,27.5163,0.00778946005037185
"247",-107.3262,27.5163,0.0141582057690455
"248",-106.9096,27.5163,0.014957613940125
"249",-106.4929,27.5163,0.0164159517815458
"250",-106.0762,27.5163,0.021208708032192
"251",-105.6596,27.5163,0.028642472009968
"252",-105.2429,27.5163,0.0216003256456448
"253",-104.8262,27.5163,0.0180318155015339
"254",-102.3262,27.5163,0.017264171888913
"255",-101.9096,27.5163,0.0168368008444607
"256",-101.4929,27.5163,0.0165442036146017
"257",-101.0762,27.5163,0.0168973715302681
"258",-100.6596,27.5163,0.0175959532482073
"259",-100.2429,27.5163,0.0175532380265724
"260",-99.8262,27.5163,0.0158780206226418
"261",-99.4096,27.5163,0.0190493309553527
"262",-114.4096,27.0996,0.00939582632340107
"263",-113.9929,27.0996,0.0153758213789051
"264",-113.5762,27.0996,0.0163257292549161
"265",-113.1596,27.0996,0.0185546574745838
"266",-112.7429,27.0996,0.0196069247316619
"267",-112.3262,27.0996,0.0167652714003847
"268",-111.9096,27.0996,0.0175744751373679
"269",-110.2429,27.0996,0.0123021910695014
"270",-109.8262,27.0996,0.0110228659938505
"271",-109.4096,27.0996,0.0241397295315401
"272",-108.9929,27.0996,0.00951609430847655
"273",-108.5762,27.0996,0.013088803885756
"274",-108.1596,27.0996,0.0138729333494317
"275",-107.7429,27.0996,0.0142693644962445
"276",-107.3262,27.0996,0.0143132114092869
"277",-106.9096,27.0996,0.0149570161246585
"278",-106.4929,27.0996,0.0156681185596544
"279",-106.0762,27.0996,0.0159803751468715
"280",-105.6596,27.0996,0.0147591061380848
"281",-105.2429,27.0996,0.016412329291318
"282",-104.8262,27.0996,0.0172073573674914
"283",-103.9929,27.0996,0.0167993408244917
"284",-103.5762,27.0996,0.0169985138471618
"285",-103.1596,27.0996,0.0172723282571237
"286",-102.3262,27.0996,0.0175025824410862
"287",-101.9096,27.0996,0.0146049679309215
"288",-101.4929,27.0996,0.00767373775512822
"289",-101.0762,27.0996,0.0169684553792618
"290",-100.6596,27.0996,0.0188813953976422
"291",-100.2429,27.0996,0.0190625299545605
"292",-99.8262,27.0996,0.018440875736503
"293",-99.4096,27.0996,0.0177841203836162
"294",-113.5762,26.6829,0.0161782362016781
"295",-113.1596,26.6829,0.0164373086882967
"296",-112.7429,26.6829,0.0164549416260055
"297",-112.3262,26.6829,0.0169507178080359
"298",-111.9096,26.6829,0.0179199180149773
"299",-109.8262,26.6829,0.0117178368455048
"300",-109.4096,26.6829,0.0109558698109964
"301",-108.9929,26.6829,0.0126956533033682
"302",-108.5762,26.6829,0.0128517174135585
"303",-108.1596,26.6829,0.0112823771592148
"304",-107.7429,26.6829,0.0143577508491056
"305",-107.3262,26.6829,0.0143232930276178
"306",-106.9096,26.6829,0.0144492722323776
"307",-106.4929,26.6829,0.015021721023674
"308",-106.0762,26.6829,0.0147046776148282
"309",-105.6596,26.6829,0.0137298533639705
"310",-105.2429,26.6829,0.0156592649141655
"311",-104.4096,26.6829,0.0164417079106131
"312",-103.9929,26.6829,0.0166712641979197
"313",-103.1596,26.6829,0.0173556313804767
"314",-102.3262,26.6829,0.0183134152866015
"315",-101.9096,26.6829,0.0180371681113916
"316",-101.4929,26.6829,0.015308667140339
"317",-101.0762,26.6829,0.0191803763385702
"318",-100.6596,26.6829,0.0208413524154525
"319",-100.2429,26.6829,0.0201572207518585
"320",-99.8262,26.6829,0.0202041470862367
"321",-99.4096,26.6829,0.0189076906172533
"322",-112.7429,26.2663,0.0159913710274171
"323",-112.3262,26.2663,0.015644259876987
"324",-111.9096,26.2663,0.0144432622369185
"325",-111.4929,26.2663,0.010864883921816
"326",-109.4096,26.2663,0.0139379502558113
"327",-108.9929,26.2663,0.0142804586757339
"328",-108.5762,26.2663,0.0119922847699238
"329",-108.1596,26.2663,0.0145251837550211
"330",-107.7429,26.2663,0.0155727022600711
"331",-107.3262,26.2663,0.0141535105103129
"332",-106.9096,26.2663,0.0141750774223904
"333",-106.4929,26.2663,0.014619444522481
"334",-106.0762,26.2663,0.0148825211861686
"335",-105.6596,26.2663,0.0151393845238573
"336",-105.2429,26.2663,0.0155244649002263
"337",-104.8262,26.2663,0.0158909254399521
"338",-104.4096,26.2663,0.0162500576667071
"339",-103.9929,26.2663,0.0166553255868925
"340",-103.5762,26.2663,0.0168236866960857
"341",-103.1596,26.2663,0.0172888474641136
"342",-102.7429,26.2663,0.0182446251022342
"343",-102.3262,26.2663,0.0193512332501331
"344",-101.9096,26.2663,0.0206717778649115
"345",-101.4929,26.2663,0.0221315185974634
"346",-101.0762,26.2663,0.0232771679773797
"347",-100.6596,26.2663,0.0236342035293701
"348",-100.2429,26.2663,0.0232772071092117
"349",-99.8262,26.2663,0.0219008827525703
"350",-99.4096,26.2663,0.0193115080177731
"351",-98.9929,26.2663,0.0100998627405102
"352",-98.5762,26.2663,0.0146765404640221
"353",-98.1596,26.2663,0.0151864368373033
"354",-97.7429,26.2663,0.0130650656165752
"355",-112.3262,25.8496,0.0156252700214346
"356",-111.9096,25.8496,0.014332400474692
"357",-111.4929,25.8496,0.00938293474788953
"358",-111.0762,25.8496,0.0124512698633899
"359",-109.4096,25.8496,0.0143597133726323
"360",-108.9929,25.8496,0.00355174455983953
"361",-108.5762,25.8496,0.0131720938059356
"362",-108.1596,25.8496,0.0103081879657445
"363",-107.7429,25.8496,0.013121138978247
"364",-107.3262,25.8496,0.0133017162188818
"365",-106.9096,25.8496,0.0138010921344833
"366",-106.4929,25.8496,0.0142052847479192
"367",-106.0762,25.8496,0.0145747950462065
"368",-105.6596,25.8496,0.0149112138780184
"369",-105.2429,25.8496,0.0152550864748677
"370",-104.8262,25.8496,0.0156286618948427
"371",-104.4096,25.8496,0.0161573324991202
"372",-103.9929,25.8496,0.0196122017151452
"373",-103.5762,25.8496,0.0162698155011347
"374",-103.1596,25.8496,0.0130459150945391
"375",-102.7429,25.8496,0.0195506132979476
"376",-102.3262,25.8496,0.0210090016799504
"377",-101.9096,25.8496,0.0230903651095614
"378",-101.4929,25.8496,0.0267018630080115
"379",-101.0762,25.8496,0.0272661104705737
"380",-100.6596,25.8496,0.00781929205133314
"381",-100.2429,25.8496,0.0275082930044977
"382",-99.8262,25.8496,0.024502978551734
"383",-99.4096,25.8496,0.0213133363862237
"384",-98.9929,25.8496,0.0168839661124184
"385",-98.5762,25.8496,0.0165932848123019
"386",-98.1596,25.8496,0.0145403620465399
"387",-97.7429,25.8496,0.0105263460563672
"388",-97.3262,25.8496,0.0095396509666172
"389",-111.9096,25.4329,0.0158597014118711
"390",-111.4929,25.4329,0.0155655034743232
"391",-111.0762,25.4329,0.0160706200273317
"392",-108.9929,25.4329,0.015118841981343
"393",-108.5762,25.4329,0.0189326998341881
"394",-108.1596,25.4329,0.00501529487007997
"395",-107.7429,25.4329,0.0124916818897477
"396",-107.3262,25.4329,0.0135913088779605
"397",-106.9096,25.4329,0.013343544077385
"398",-106.4929,25.4329,0.0137961038913827
"399",-106.0762,25.4329,0.0141667515565764
"400",-105.6596,25.4329,0.0137538133595692
"401",-105.2429,25.4329,0.0148477137758516
"402",-104.8262,25.4329,0.0153175780448397
"403",-104.4096,25.4329,0.0160852420419688
"404",-103.9929,25.4329,0.0169871120767429
"405",-103.5762,25.4329,0.0141820382822611
"406",-103.1596,25.4329,0.0123100645493287
"407",-102.7429,25.4329,0.018212830365244
"408",-102.3262,25.4329,0.0467704346778436
"409",-101.9096,25.4329,0.0250657446494417
"410",-101.4929,25.4329,0.0306166434976911
"411",-101.0762,25.4329,0.0320884565370602
"412",-100.6596,25.4329,0.0279925020814396
"413",-100.2429,25.4329,0.101395936736092
"414",-99.8262,25.4329,0.0236035813458376
"415",-99.4096,25.4329,0.0217572932018204
"416",-98.9929,25.4329,0.0196066318411486
"417",-98.5762,25.4329,0.0177963817720456
"418",-98.1596,25.4329,0.0160218382237984
"419",-97.7429,25.4329,0.0135613933506121
"420",-97.3262,25.4329,0.0121028414878576
"421",-112.3262,25.0163,0.0167719849053272
"422",-111.9096,25.0163,0.0170046598657414
"423",-111.4929,25.0163,0.0175228726883816
"424",-111.0762,25.0163,0.0184604773105474
"425",-110.6596,25.0163,0.0194762298032375
"426",-108.1596,25.0163,0.0152660351889997
"427",-107.7429,25.0163,0.0127178423653225
"428",-107.3262,25.0163,0.0114073484680017
"429",-106.9096,25.0163,0.012660157220854
"430",-106.4929,25.0163,0.0135615690656108
"431",-106.0762,25.0163,0.014024507589485
"432",-105.6596,25.0163,0.0141158589881436
"433",-105.2429,25.0163,0.0145127705011794
"434",-104.8262,25.0163,0.0152586235385601
"435",-104.4096,25.0163,0.0152441425501924
"436",-103.9929,25.0163,0.0158184502858709
"437",-103.5762,25.0163,0.0152412755082716
"438",-103.1596,25.0163,0.015247345852784
"439",-102.7429,25.0163,0.0154798124386477
"440",-102.3262,25.0163,0.0170716591353263
"441",-101.9096,25.0163,0.0196055075877805
"442",-101.4929,25.0163,0.0242554364962185
"443",-101.0762,25.0163,0.0283116651947967
"444",-100.6596,25.0163,0.0264487486531434
"445",-100.2429,25.0163,0.0239537341602586
"446",-99.8262,25.0163,0.0225947301182702
"447",-99.4096,25.0163,0.0207703579970614
"448",-98.9929,25.0163,0.019666138353856
"449",-98.5762,25.0163,0.0190149889789298
"450",-98.1596,25.0163,0.0265344442485597
"451",-97.7429,25.0163,0.0172383220066052
"452",-97.3262,25.0163,0.0164743057219826
"453",-111.9096,24.5996,0.017809861008352
"454",-111.4929,24.5996,0.0189320524904193
"455",-111.0762,24.5996,0.0212418276612801
"456",-110.6596,24.5996,0.0255404206229404
"457",-108.1596,24.5996,0.0133980279047675
"458",-107.7429,24.5996,0.0124918040248605
"459",-107.3262,24.5996,0.0142649852457868
"460",-106.9096,24.5996,0.0137080752506014
"461",-106.4929,24.5996,0.0137728304161615
"462",-106.0762,24.5996,0.0139662110292941
"463",-105.6596,24.5996,0.0141736776164887
"464",-105.2429,24.5996,0.0141213564857046
"465",-104.8262,24.5996,0.00782704973009271
"466",-104.4096,24.5996,0.0139125399869578
"467",-103.9929,24.5996,0.0143920547189179
"468",-103.5762,24.5996,0.0138625929222358
"469",-103.1596,24.5996,0.0133466794331368
"470",-102.7429,24.5996,0.0128753452329146
"471",-102.3262,24.5996,0.0133895556735516
"472",-101.9096,24.5996,0.0151795329700991
"473",-101.4929,24.5996,0.0179805412945473
"474",-101.0762,24.5996,0.0204601138106652
"475",-100.6596,24.5996,0.0212577461962946
"476",-100.2429,24.5996,0.0209652816105821
"477",-99.8262,24.5996,0.0203714059765585
"478",-99.4096,24.5996,0.0197582526225661
"479",-98.9929,24.5996,0.0198263616600206
"480",-98.5762,24.5996,0.0200597714261988
"481",-98.1596,24.5996,0.0197110539739724
"482",-97.7429,24.5996,0.018420227387979
"483",-111.4929,24.1829,0.0197006333946915
"484",-111.0762,24.1829,0.0232240286769557
"485",-110.6596,24.1829,0.0329139855124179
"486",-110.2429,24.1829,0.0372514881794627
"487",-109.8262,24.1829,0.0264427933296726
"488",-107.7429,24.1829,0.013508390577267
"489",-107.3262,24.1829,0.014468023080571
"490",-106.9096,24.1829,0.0177805995309247
"491",-106.4929,24.1829,0.0148965203764124
"492",-106.0762,24.1829,0.0135726676045304
"493",-105.6596,24.1829,0.0138399430364183
"494",-105.2429,24.1829,0.0140882201624187
"495",-104.8262,24.1829,0.0136094687821431
"496",-104.4096,24.1829,0.0144522319445067
"497",-103.9929,24.1829,0.014890114982303
"498",-103.5762,24.1829,0.0130761693728606
"499",-103.1596,24.1829,0.0118950882135263
"500",-102.7429,24.1829,0.0104679499856241
"501",-102.3262,24.1829,0.0104937024502187
"502",-101.9096,24.1829,0.0120911807978328
"503",-101.4929,24.1829,0.0145408441167289
"504",-101.0762,24.1829,0.0166873735456134
"505",-100.6596,24.1829,0.0181669362362307
"506",-100.2429,24.1829,0.0188071883540007
"507",-99.8262,24.1829,0.018076769874538
"508",-99.4096,24.1829,0.0178262719705939
"509",-98.9929,24.1829,0.0186581051854831
"510",-98.5762,24.1829,0.0212447736760789
"511",-98.1596,24.1829,0.0200697224399807
"512",-97.7429,24.1829,0.0187307662740847
"513",-110.6596,23.7663,0.0267801262424036
"514",-110.2429,23.7663,0.030098551206522
"515",-109.8262,23.7663,0.0203561133451934
"516",-109.4096,23.7663,0.0167455507946982
"517",-106.9096,23.7663,0.0249873626028598
"518",-106.4929,23.7663,0.0123115186242875
"519",-106.0762,23.7663,0.0117225200639999
"520",-105.6596,23.7663,0.0111174916406005
"521",-105.2429,23.7663,0.0140821328012032
"522",-104.8262,23.7663,0.014355408062533
"523",-104.4096,23.7663,0.0154919460909855
"524",-103.9929,23.7663,0.0145740643702356
"525",-103.5762,23.7663,0.0126808181070722
"526",-103.1596,23.7663,0.011562311915645
"527",-102.7429,23.7663,0.0087219869426019
"528",-102.3262,23.7663,0.00877314410494942
"529",-101.9096,23.7663,0.0105619401348482
"530",-101.4929,23.7663,0.0131289323097738
"531",-101.0762,23.7663,0.0150890308012534
"532",-100.6596,23.7663,0.0168044474318091
"533",-100.2429,23.7663,0.017978279666803
"534",-99.8262,23.7663,0.0188733474368297
"535",-99.4096,23.7663,0.0167733393988918
"536",-98.9929,23.7663,0.0139807424339593
"537",-98.5762,23.7663,0.018176739372354
"538",-98.1596,23.7663,0.00909804354147115
"539",-97.7429,23.7663,0.0159153942207673
"540",-110.2429,23.3496,0.0132706776560025
"541",-109.8262,23.3496,0.0113783862814317
"542",-109.4096,23.3496,0.0148163034732387
"543",-106.4929,23.3496,0.00132811668354326
"544",-106.0762,23.3496,0.0504367935066567
"545",-105.6596,23.3496,0.0132378219494639
"546",-105.2429,23.3496,0.0141774541622058
"547",-104.8262,23.3496,0.0146825576251435
"548",-104.4096,23.3496,0.014737055957546
"549",-103.9929,23.3496,0.0141689051221507
"550",-103.5762,23.3496,0.0132513236442568
"551",-103.1596,23.3496,0.0128241582803518
"552",-102.7429,23.3496,0.0102832201566959
"553",-102.3262,23.3496,0.00917367516266396
"554",-101.9096,23.3496,0.0109260764187246
"555",-101.4929,23.3496,0.0132248552864884
"556",-101.0762,23.3496,0.0150032782070513
"557",-100.6596,23.3496,0.0161436729207024
"558",-100.2429,23.3496,0.017663130359372
"559",-99.8262,23.3496,0.0183450492270846
"560",-99.4096,23.3496,0.110298594259864
"561",-98.9929,23.3496,0.0155004702135614
"562",-98.5762,23.3496,0.0178378651396044
"563",-98.1596,23.3496,0.0176066387809083
"564",-97.7429,23.3496,0.0177823617304711
"565",-110.2429,22.9329,0.0128019828280444
"566",-109.8262,22.9329,0.00360193248648004
"567",-106.4929,22.9329,0.00714971134361452
"568",-106.0762,22.9329,0.0104027696935854
"569",-105.6596,22.9329,0.0130162305849748
"570",-105.2429,22.9329,0.0144581266405255
"571",-104.8262,22.9329,0.0150236672174804
"572",-104.4096,22.9329,0.0150929045850033
"573",-103.9929,22.9329,0.0148447920525081
"574",-103.5762,22.9329,0.0142644107577728
"575",-103.1596,22.9329,0.0210310010979984
"576",-102.7429,22.9329,0.0137688591775209
"577",-102.3262,22.9329,0.0114160610804093
"578",-101.9096,22.9329,0.0128988714306976
"579",-101.4929,22.9329,0.0144542620415727
"580",-101.0762,22.9329,0.0143365406338428
"581",-100.6596,22.9329,0.0167381843979506
"582",-100.2429,22.9329,0.0175015853465457
"583",-99.8262,22.9329,0.0167523795852352
"584",-99.4096,22.9329,0.017167192603239
"585",-98.9929,22.9329,0.0160055445700619
"586",-98.5762,22.9329,0.0167098279946943
"587",-98.1596,22.9329,0.0149311483107319
"588",-97.7429,22.9329,0.0167935472945609
"589",-105.6596,22.5163,0.0163199465796666
"590",-105.2429,22.5163,0.0135151094193512
"591",-104.8262,22.5163,0.0154675785816361
"592",-104.4096,22.5163,0.0154678130344248
"593",-103.9929,22.5163,0.0148758269705204
"594",-103.5762,22.5163,0.0160223316847631
"595",-103.1596,22.5163,0.00364552600147489
"596",-102.7429,22.5163,0.0176472520985026
"597",-102.3262,22.5163,0.0118897127977486
"598",-101.9096,22.5163,0.0153592567256792
"599",-101.4929,22.5163,0.0156117612057405
"600",-101.0762,22.5163,0.0156801089856777
"601",-100.6596,22.5163,0.0169840885057191
"602",-100.2429,22.5163,0.0176991548147618
"603",-99.8262,22.5163,0.017675983311785
"604",-99.4096,22.5163,0.00488395266193346
"605",-98.9929,22.5163,0.0161350111875778
"606",-98.5762,22.5163,0.0206514886543847
"607",-98.1596,22.5163,0.0145632829254437
"608",-97.7429,22.5163,0.0140189337358712
"609",-105.6596,22.0996,0.0150461023101636
"610",-105.2429,22.0996,0.0118308765806791
"611",-104.8262,22.0996,0.0159283059803571
"612",-104.4096,22.0996,0.016652510320155
"613",-103.9929,22.0996,0.0172143929550536
"614",-103.5762,22.0996,0.0195607064676501
"615",-103.1596,22.0996,0.0186178958449617
"616",-102.7429,22.0996,0.0158404983340961
"617",-102.3262,22.0996,0.0128250124670152
"618",-101.9096,22.0996,0.028176859028679
"619",-101.4929,22.0996,0.0165017916482202
"620",-101.0762,22.0996,0.00468486662756357
"621",-100.6596,22.0996,0.0167451511726255
"622",-100.2429,22.0996,0.0192513172085354
"623",-99.8262,22.0996,0.0201389170158608
"624",-99.4096,22.0996,0.0108504814153046
"625",-98.9929,22.0996,0.010410280716469
"626",-98.5762,22.0996,0.0165263220056868
"627",-98.1596,22.0996,0.00711554160065533
"628",-97.7429,22.0996,0.0128052934568062
"629",-106.4929,21.6829,0.0152502992084508
"630",-105.6596,21.6829,0.0150087471943018
"631",-105.2429,21.6829,0.0105456251509661
"632",-104.8262,21.6829,0.0155490446136478
"633",-104.4096,21.6829,0.0172221064934431
"634",-103.9929,21.6829,0.017983752652281
"635",-103.5762,21.6829,0.0181865165151056
"636",-103.1596,21.6829,0.0210650892143326
"637",-102.7429,21.6829,0.00727810249753263
"638",-102.3262,21.6829,0.0126019737576556
"639",-101.9096,21.6829,0.0151612403960893
"640",-101.4929,21.6829,0.027129544575522
"641",-101.0762,21.6829,0.0185050262428748
"642",-100.6596,21.6829,0.0170873036015728
"643",-100.2429,21.6829,0.0192276783907601
"644",-99.8262,21.6829,0.0206015202157944
"645",-99.4096,21.6829,0.0177286596431305
"646",-98.9929,21.6829,0.0171088380008225
"647",-98.5762,21.6829,0.0174443876207472
"648",-98.1596,21.6829,0.017550565996878
"649",-97.7429,21.6829,0.0169737487673057
"650",-97.3262,21.6829,0.0178877798373766
"651",-88.1596,21.6829,0.0132275992726164
"652",-87.7429,21.6829,0.013260637703012
"653",-87.3262,21.6829,0.012615395434591
"654",-86.9096,21.6829,0.013704829680303
"655",-105.2429,21.2663,0.0152493213985867
"656",-104.8262,21.2663,0.0156059368853866
"657",-104.4096,21.2663,0.0171940577824726
"658",-103.9929,21.2663,0.018899520427971
"659",-103.5762,21.2663,0.0196138326527382
"660",-103.1596,21.2663,0.00871183727233661
"661",-102.7429,21.2663,0.0188265185170911
"662",-102.3262,21.2663,0.00519926943591631
"663",-101.9096,21.2663,0.0168998219689983
"664",-101.4929,21.2663,0.023981655821368
"665",-101.0762,21.2663,0.0193331720754536
"666",-100.6596,21.2663,0.0179111581011038
"667",-100.2429,21.2663,0.0191013717923227
"668",-99.8262,21.2663,0.0172860258252082
"669",-99.4096,21.2663,0.0063342042687866
"670",-98.9929,21.2663,0.0208798830030102
"671",-98.5762,21.2663,0.0166881735497546
"672",-98.1596,21.2663,0.0159943614093079
"673",-97.7429,21.2663,0.0158648147730684
"674",-97.3262,21.2663,0.0182049173309454
"675",-90.2429,21.2663,0.0175511750519521
"676",-89.8262,21.2663,0.0148148144608436
"677",-89.4096,21.2663,0.0207635549392277
"678",-88.9929,21.2663,0.0175797668374367
"679",-88.5762,21.2663,0.0143578016736643
"680",-88.1596,21.2663,0.0275565970822523
"681",-87.7429,21.2663,0.0124480918739429
"682",-87.3262,21.2663,0.0130513674063336
"683",-86.9096,21.2663,0.0134346039868525
"684",-105.6596,20.8496,0.0112840806659789
"685",-105.2429,20.8496,0.00804291358868488
"686",-104.8262,20.8496,0.014259973616314
"687",-104.4096,20.8496,0.0128711921719422
"688",-103.9929,20.8496,0.0151573026387878
"689",-103.5762,20.8496,0.0269636208828384
"690",-103.1596,20.8496,0.0202071144250253
"691",-102.7429,20.8496,0.0190938399074234
"692",-102.3262,20.8496,0.0147682341226722
"693",-101.9096,20.8496,0.00737376049713616
"694",-101.4929,20.8496,0.00952643449152894
"695",-101.0762,20.8496,0.023375320645095
"696",-100.6596,20.8496,0.0804087650603671
"697",-100.2429,20.8496,0.0200351277822508
"698",-99.8262,20.8496,0.0181491217862661
"699",-99.4096,20.8496,0.0197365903789971
"700",-98.9929,20.8496,0.018918503899297
"701",-98.5762,20.8496,0.0185981461206776
"702",-98.1596,20.8496,0.0169611353683838
"703",-97.7429,20.8496,0.0205568949052807
"704",-97.3262,20.8496,0.0172271378431229
"705",-90.6596,20.8496,0.0181926001041289
"706",-90.2429,20.8496,0.0174678909654751
"707",-89.8262,20.8496,0.0167955421816385
"708",-89.4096,20.8496,0.0146496337997261
"709",-88.9929,20.8496,0.0167096063296332
"710",-88.5762,20.8496,0.00663444389493411
"711",-88.1596,20.8496,0.000711580529851422
"712",-87.7429,20.8496,0.0103147455581515
"713",-87.3262,20.8496,0.0126668844502053
"714",-86.9096,20.8496,0.0162599071156829
"715",-105.6596,20.4329,0.0144551141383792
"716",-105.2429,20.4329,0.0117967106469869
"717",-104.8262,20.4329,0.010460445551964
"718",-104.4096,20.4329,0.019147834680851
"719",-103.9929,20.4329,0.0202356622021446
"720",-103.5762,20.4329,0.0133403255918479
"721",-103.1596,20.4329,0.0140150123266016
"722",-102.7429,20.4329,0.009883592221976
"723",-102.3262,20.4329,0.0354325574110683
"724",-101.9096,20.4329,0.00978895312753418
"725",-101.4929,20.4329,0.0155224882211251
"726",-101.0762,20.4329,0.0189883382131374
"727",-100.6596,20.4329,0.0146243457878629
"728",-100.2429,20.4329,0.0153391918372405
"729",-99.8262,20.4329,0.0167011078441452
"730",-99.4096,20.4329,0.0193231943870773
"731",-98.9929,20.4329,0.019563829368484
"732",-98.5762,20.4329,0.0198243661073299
"733",-98.1596,20.4329,0.0220248374483208
"734",-97.7429,20.4329,0.0187505810322486
"735",-97.3262,20.4329,0.00968629155018253
"736",-96.9096,20.4329,0.0229238310979495
"737",-90.2429,20.4329,0.015534612897525
"738",-89.8262,20.4329,0.0159142376655272
"739",-89.4096,20.4329,0.0190557505697407
"740",-88.9929,20.4329,0.0154528884556424
"741",-88.5762,20.4329,0.0079784424367452
"742",-88.1596,20.4329,0.0079864847523723
"743",-87.7429,20.4329,0.00339537341228565
"744",-87.3262,20.4329,0.00654579491711909
"745",-86.9096,20.4329,0.00542335388655952
"746",-105.6596,20.0163,0.0176507433885271
"747",-105.2429,20.0163,0.0206529385746157
"748",-104.8262,20.0163,0.0185093898029922
"749",-104.4096,20.0163,0.0207888892758385
"750",-103.9929,20.0163,0.0175159365028948
"751",-103.5762,20.0163,0.0136480531264923
"752",-103.1596,20.0163,0.0166049853791035
"753",-102.7429,20.0163,0.0230492480794783
"754",-102.3262,20.0163,0.0102493169209655
"755",-101.9096,20.0163,0.0154777390968038
"756",-101.4929,20.0163,0.0123634283594679
"757",-101.0762,20.0163,0.0188126862561517
"758",-100.6596,20.0163,0.0207175974598237
"759",-100.2429,20.0163,0.0213360391622834
"760",-99.8262,20.0163,0.0209678728399411
"761",-99.4096,20.0163,0.018014603327443
"762",-98.9929,20.0163,0.020295131098587
"763",-98.5762,20.0163,0.029294112499131
"764",-98.1596,20.0163,0.0196072284970487
"765",-97.7429,20.0163,0.015599223302188
"766",-97.3262,20.0163,0.0226033511929056
"767",-96.9096,20.0163,0.038563489900349
"768",-96.4929,20.0163,0.0183784422003597
"769",-90.6596,20.0163,0.0200409973111626
"770",-90.2429,20.0163,0.0196500396112253
"771",-89.8262,20.0163,0.0182813661520077
"772",-89.4096,20.0163,0.0210448781091532
"773",-88.9929,20.0163,0.0134927939690936
"774",-88.5762,20.0163,0.0120893325164353
"775",-88.1596,20.0163,0.00929042182007992
"776",-87.7429,20.0163,0.00475107951641595
"777",-87.3262,20.0163,0.00309686665818435
"778",-105.2429,19.5996,0.0212219146055792
"779",-104.8262,19.5996,0.025087225521666
"780",-104.4096,19.5996,0.018774620419463
"781",-103.9929,19.5996,0.016870089769582
"782",-103.5762,19.5996,0.00905941666064949
"783",-103.1596,19.5996,0.0150772018025117
"784",-102.7429,19.5996,0.0178137109241223
"785",-102.3262,19.5996,0.0184827988226423
"786",-101.9096,19.5996,0.000688039850591642
"787",-101.4929,19.5996,0.00650530422832904
"788",-101.0762,19.5996,0.0162021827229562
"789",-100.6596,19.5996,0.0217914196968397
"790",-100.2429,19.5996,0.119917898262624
"791",-99.8262,19.5996,0.0218622414545435
"792",-99.4096,19.5996,0.0224179199916585
"793",-98.9929,19.5996,0.0207555369119039
"794",-98.5762,19.5996,0.0177004549025433
"795",-98.1596,19.5996,0.0205580408070885
"796",-97.7429,19.5996,0.0206110480328882
"797",-97.3262,19.5996,0.0189729919340284
"798",-96.9096,19.5996,0.149815147496944
"799",-96.4929,19.5996,0.0151267422597822
"800",-90.6596,19.5996,0.0217234303630515
"801",-90.2429,19.5996,0.0391756391352548
"802",-89.8262,19.5996,0.0189943655244399
"803",-89.4096,19.5996,0.0182091132294303
"804",-88.9929,19.5996,0.0182167650557318
"805",-88.5762,19.5996,0.01638590130462
"806",-88.1596,19.5996,0.0105079819430947
"807",-87.7429,19.5996,0.00895415009810518
"808",-87.3262,19.5996,0.00803770571938332
"809",-104.8262,19.1829,0.0391999536903408
"810",-104.4096,19.1829,0.0158664363675054
"811",-103.9929,19.1829,0.0162197096473408
"812",-103.5762,19.1829,0.0140462922213297
"813",-103.1596,19.1829,0.0171749855385488
"814",-102.7429,19.1829,0.019427144278203
"815",-102.3262,19.1829,0.0146625610520293
"816",-101.9096,19.1829,0.0173271663238572
"817",-101.4929,19.1829,0.0149505500014485
"818",-101.0762,19.1829,0.020818857570141
"819",-100.6596,19.1829,0.0228636221537515
"820",-100.2429,19.1829,0.0215729945677058
"821",-99.8262,19.1829,0.0267372681089129
"822",-99.4096,19.1829,0.02480852716671
"823",-98.9929,19.1829,0.0178847945864961
"824",-98.5762,19.1829,0.0165146111157731
"825",-98.1596,19.1829,0.028348734347132
"826",-97.7429,19.1829,0.0213856924450533
"827",-97.3262,19.1829,0.0172113379501779
"828",-96.9096,19.1829,0.0164928996916513
"829",-96.4929,19.1829,0.0130735018839293
"830",-96.0762,19.1829,0.00638403741856637
"831",-91.0762,19.1829,0.0211125991216515
"832",-90.6596,19.1829,0.0211861612659481
"833",-90.2429,19.1829,0.0190892950239438
"834",-89.8262,19.1829,0.0190282638311854
"835",-89.4096,19.1829,0.0187260908627846
"836",-88.9929,19.1829,0.0223500433168044
"837",-88.5762,19.1829,0.0214248155283796
"838",-88.1596,19.1829,0.0192192472414496
"839",-87.7429,19.1829,0.0131144391427621
"840",-103.9929,18.7663,0.0157349600654196
"841",-103.5762,18.7663,0.0172321638464283
"842",-103.1596,18.7663,0.0142051739823714
"843",-102.7429,18.7663,0.0175573002053528
"844",-102.3262,18.7663,0.0162891180071727
"845",-101.9096,18.7663,0.0180589576067065
"846",-101.4929,18.7663,0.0165363752186122
"847",-101.0762,18.7663,0.0209532668322544
"848",-100.6596,18.7663,0.022042588358227
"849",-100.2429,18.7663,0.0229966202518385
"850",-99.8262,18.7663,0.0216660887247031
"851",-99.4096,18.7663,0.0233280609784265
"852",-98.9929,18.7663,0.0203760291037811
"853",-98.5762,18.7663,0.0244363817316566
"854",-98.1596,18.7663,0.0228794415391407
"855",-97.7429,18.7663,0.0216137841639279
"856",-97.3262,18.7663,0.0221629185549538
"857",-96.9096,18.7663,0.0164013008257061
"858",-96.4929,18.7663,0.0134012996166645
"859",-96.0762,18.7663,0.0126837522283559
"860",-95.6596,18.7663,0.013207793251164
"861",-95.2429,18.7663,0.0168445368847884
"862",-94.8262,18.7663,0.0204663346943013
"863",-92.7429,18.7663,0.0279998645477065
"864",-92.3262,18.7663,0.0267084632353394
"865",-91.9096,18.7663,0.0201127887738373
"866",-91.4929,18.7663,0.017836998874118
"867",-91.0762,18.7663,0.0204044649805413
"868",-90.6596,18.7663,0.0150511726615033
"869",-90.2429,18.7663,0.0192751126032822
"870",-89.8262,18.7663,0.0187573226928375
"871",-89.4096,18.7663,0.000768056932882886
"872",-88.9929,18.7663,0.0179967577135497
"873",-88.5762,18.7663,0.0134481546877443
"874",-88.1596,18.7663,0.0124653649362516
"875",-87.7429,18.7663,0.0173392635479602
"876",-103.5762,18.3496,0.0190125001927387
"877",-103.1596,18.3496,0.0185098665960773
"878",-102.7429,18.3496,0.0179276973576981
"879",-102.3262,18.3496,0.036737695693304
"880",-101.9096,18.3496,0.0191606363591273
"881",-101.4929,18.3496,0.0203786354022251
"882",-101.0762,18.3496,0.0815466119332631
"883",-100.6596,18.3496,0.0153436355448035
"884",-100.2429,18.3496,0.00689520280751393
"885",-99.8262,18.3496,0.0200844543157389
"886",-99.4096,18.3496,0.0202081108674033
"887",-98.9929,18.3496,0.0296335660841545
"888",-98.5762,18.3496,0.0234890677009818
"889",-98.1596,18.3496,0.0128662704094983
"890",-97.7429,18.3496,0.0224749558449945
"891",-97.3262,18.3496,0.0296992642661502
"892",-96.9096,18.3496,0.0189123020996959
"893",-96.4929,18.3496,0.0162051690387117
"894",-96.0762,18.3496,0.0175404260629649
"895",-95.6596,18.3496,0.0163881160199195
"896",-95.2429,18.3496,0.0191424490806812
"897",-94.8262,18.3496,0.0245920868079631
"898",-94.4096,18.3496,0.032292745797839
"899",-93.9929,18.3496,0.0355692952362625
"900",-93.5762,18.3496,0.029157034040345
"901",-93.1596,18.3496,0.0268211267675603
"902",-92.7429,18.3496,0.0349588464113205
"903",-92.3262,18.3496,0.0313128838324417
"904",-91.9096,18.3496,0.0257269783480152
"905",-91.4929,18.3496,0.0233036952607755
"906",-91.0762,18.3496,0.0169504524688019
"907",-90.6596,18.3496,0.0174755130103073
"908",-90.2429,18.3496,0.0195649242676519
"909",-89.8262,18.3496,0.0185178637031831
"910",-89.4096,18.3496,0.00895786938996242
"911",-88.9929,18.3496,0.0166038772516018
"912",-88.5762,18.3496,0.0131740782780342
"913",-88.1596,18.3496,0.0120645870410353
"914",-87.7429,18.3496,0.0141901720344193
"915",-102.7429,17.9329,0.0171364550085823
"916",-102.3262,17.9329,0.0137700136810196
"917",-101.9096,17.9329,0.0189992600799515
"918",-101.4929,17.9329,0.019403793716511
"919",-101.0762,17.9329,0.0207034276966769
"920",-100.6596,17.9329,0.0217772962704744
"921",-100.2429,17.9329,0.0245467059463251
"922",-99.8262,17.9329,0.0233182903784537
"923",-99.4096,17.9329,0.0217069503838585
"924",-98.9929,17.9329,0.022666906853165
"925",-98.5762,17.9329,0.0264001341276659
"926",-98.1596,17.9329,0.0238447905898092
"927",-97.7429,17.9329,0.0219069662005506
"928",-97.3262,17.9329,0.0207225732394956
"929",-96.9096,17.9329,0.0177434723503986
"930",-96.4929,17.9329,0.0173770474663444
"931",-96.0762,17.9329,0.0158336049528143
"932",-95.6596,17.9329,0.0183450724259609
"933",-95.2429,17.9329,0.0253769536369964
"934",-94.8262,17.9329,0.0337040845226292
"935",-94.4096,17.9329,0.0383577208657336
"936",-93.9929,17.9329,0.07375160931369
"937",-93.5762,17.9329,0.0339140963068959
"938",-93.1596,17.9329,0.0482481111995518
"939",-92.7429,17.9329,0.0551074293256434
"940",-92.3262,17.9329,0.0353545028017575
"941",-91.9096,17.9329,0.027336475020693
"942",-91.4929,17.9329,0.024298347766437
"943",-91.0762,17.9329,0.0206972627394082
"944",-90.6596,17.9329,0.0203234628668065
"945",-90.2429,17.9329,0.0196512695409921
"946",-89.4096,17.9329,0.0180925595291665
"947",-88.9929,17.9329,0.0173793631745682
"948",-88.5762,17.9329,0.0159121670892999
"949",-101.4929,17.5163,0.0173371624489086
"950",-101.0762,17.5163,0.0197380968086943
"951",-100.6596,17.5163,0.0205453479939631
"952",-100.2429,17.5163,0.0198202387139984
"953",-99.8262,17.5163,0.0245309836710017
"954",-99.4096,17.5163,0.0123783024721706
"955",-98.9929,17.5163,0.0186325202641657
"956",-98.5762,17.5163,0.0112013366394243
"957",-98.1596,17.5163,0.0198929181989026
"958",-97.7429,17.5163,0.018674102626879
"959",-97.3262,17.5163,0.0241273038471228
"960",-96.9096,17.5163,0.017743629885386
"961",-96.4929,17.5163,0.0170983054589616
"962",-96.0762,17.5163,0.0175601491851356
"963",-95.6596,17.5163,0.0196660279176238
"964",-95.2429,17.5163,0.0233701744775113
"965",-94.8262,17.5163,0.0287934718206391
"966",-94.4096,17.5163,0.0346888823996821
"967",-93.9929,17.5163,0.0397233975717164
"968",-93.5762,17.5163,0.0338559867400507
"969",-93.1596,17.5163,0.0316898416075211
"970",-92.7429,17.5163,0.00126209579476615
"971",-92.3262,17.5163,0.0264659647495258
"972",-91.9096,17.5163,0.0178579932251051
"973",-91.4929,17.5163,0.00349992512368843
"974",-91.0762,17.5163,0.0245840949105743
"975",-101.0762,17.0996,0.0181996512951169
"976",-100.6596,17.0996,0.014236145030177
"977",-100.2429,17.0996,0.0150828030891425
"978",-99.8262,17.0996,0.0252662463764056
"979",-99.4096,17.0996,0.0242156609478507
"980",-98.9929,17.0996,0.0214477812704113
"981",-98.5762,17.0996,0.0211590162111454
"982",-98.1596,17.0996,0.0208752050532923
"983",-97.7429,17.0996,0.0189324314786036
"984",-97.3262,17.0996,0.0182130074689789
"985",-96.9096,17.0996,0.0148045361888956
"986",-96.4929,17.0996,0.0125954967077679
"987",-96.0762,17.0996,0.0172598484947767
"988",-95.6596,17.0996,0.0197177141740094
"989",-95.2429,17.0996,0.0213232528019154
"990",-94.8262,17.0996,0.0243047135619346
"991",-94.4096,17.0996,0.0276286440897585
"992",-93.9929,17.0996,0.0293785921139686
"993",-93.5762,17.0996,0.0285365217708845
"994",-93.1596,17.0996,0.0268190292936066
"995",-92.7429,17.0996,0.0281191078323
"996",-92.3262,17.0996,0.0345608722853133
"997",-91.9096,17.0996,0.0360498274770778
"998",-91.4929,17.0996,0.0283341789025759
"999",-91.0762,17.0996,0.0265305836598583
"1000",-99.8262,16.6829,0.0236123888684919
"1001",-99.4096,16.6829,0.0223221323277179
"1002",-98.9929,16.6829,0.0163010481616391
"1003",-98.5762,16.6829,0.0189757036021841
"1004",-98.1596,16.6829,0.0198441211658021
"1005",-97.7429,16.6829,0.0185597281085491
"1006",-97.3262,16.6829,0.0201880919185135
"1007",-96.9096,16.6829,0.0190859587143145
"1008",-96.4929,16.6829,0.0171714368667467
"1009",-96.0762,16.6829,0.0264745798731827
"1010",-95.6596,16.6829,0.0191062414592946
"1011",-95.2429,16.6829,0.019228995377977
"1012",-94.8262,16.6829,0.0203571944246457
"1013",-94.4096,16.6829,0.0252361236234615
"1014",-93.9929,16.6829,0.0281185563325048
"1015",-93.5762,16.6829,0.0207054595687931
"1016",-93.1596,16.6829,0.024381506340865
"1017",-92.7429,16.6829,0.022852286403427
"1018",-92.3262,16.6829,0.0328756232164187
"1019",-91.9096,16.6829,0.0374871647153655
"1020",-91.4929,16.6829,0.0310965417562033
"1021",-91.0762,16.6829,0.0294395362837179
"1022",-90.6596,16.6829,0.0256141401389393
"1023",-98.5762,16.2663,0.0208468997811452
"1024",-98.1596,16.2663,0.0178566682504587
"1025",-97.7429,16.2663,0.0193546639355296
"1026",-97.3262,16.2663,0.020683048473965
"1027",-96.9096,16.2663,0.0296892551868187
"1028",-96.4929,16.2663,0.0130533886507396
"1029",-96.0762,16.2663,0.0169631281472901
"1030",-95.6596,16.2663,0.0192332922535506
"1031",-95.2429,16.2663,0.0198184704443721
"1032",-94.8262,16.2663,0.0191682854053021
"1033",-94.4096,16.2663,0.0242436975427554
"1034",-93.9929,16.2663,0.0542603128780636
"1035",-93.5762,16.2663,0.0314276317147864
"1036",-93.1596,16.2663,0.0194018139071378
"1037",-92.7429,16.2663,0.0321495206857491
"1038",-92.3262,16.2663,0.0102885549867014
"1039",-91.9096,16.2663,0.0309081681040395
"1040",-91.4929,16.2663,0.032442510513842
"1041",-91.0762,16.2663,0.0292931726647654
"1042",-90.6596,16.2663,0.0264848371102282
"1043",-90.2429,16.2663,0.0244848503796439
"1044",-97.7429,15.8496,0.0195003730078055
"1045",-97.3262,15.8496,0.0200959544815026
"1046",-96.9096,15.8496,0.0688896032486251
"1047",-96.4929,15.8496,0.0150167280716699
"1048",-96.0762,15.8496,0.0528737570338214
"1049",-95.6596,15.8496,0.0199470100480411
"1050",-95.2429,15.8496,0.0205466082826826
"1051",-93.9929,15.8496,0.0300752954954686
"1052",-93.5762,15.8496,0.0297252767476109
"1053",-93.1596,15.8496,0.031478248267027
"1054",-92.7429,15.8496,0.0465202689196296
"1055",-92.3262,15.8496,0.105780672813237
"1056",-91.9096,15.8496,0.0550595161138886
"1057",-93.1596,15.4329,0.0330103937822811
"1058",-92.7429,15.4329,0.0459611590534594
"1059",-92.3262,15.4329,0.0538526761332192
"1060",-91.9096,15.4329,0.0497619703903311
"1061",-92.7429,15.0163,0.0312566253834125
"1062",-92.3262,15.0163,0.0288081791962197
"1063",-91.9096,15.0163,0.0304110290927668
"1064",-92.3262,14.5996,0.0195379392536279
